"id","datetime_post","likes"
"1","2025-01-18 12:45:00+03","17"
"2","2024-09-17 22:18:00+03","186"
"3","2024-05-08 15:58:00+03","12"
"4","2024-04-23 11:28:00+03","74"
"5","2024-04-05 11:07:00+03","75"
"6","2024-03-14 17:22:00+03","72"
"7","2024-03-13 01:15:00+03","50"
"8","2024-03-13 00:56:00+03","141"
"9","2023-11-29 20:55:00+03","259"
"10","2023-03-20 12:51:00+03","159"
"11","2023-03-11 15:24:00+03","6"
"12","2023-02-05 16:24:00+03","45"
"13","2023-01-16 13:33:00+03","48"
"14","2022-08-08 17:21:00+03","158"
"15","2022-08-02 23:41:00+03","107"
"16","2022-05-29 23:41:00+03","71"
"17","2022-05-24 22:26:00+03","106"
"18","2021-03-08 16:54:00+03","22"
"19","2020-12-05 19:27:00+03","8"
"20","2020-10-22 22:01:00+03","56"
"21","2020-02-08 20:59:00+03","76"
